{
    "0.1031276287854268": { "user_id": 2 },
    "0.4350476913115331": { "user_id": 2 },
    "0.6179425607489877": { "user_id": 2 },
    "0.10177194112466381": { "user_id": 1 },
    "0.7642139538954622": { "user_id": 2 },
    "0.13161353112937513": { "user_id": 2 },
    "0.6328189540926614": { "user_id": 2 },
    "0.16148342122062886": { "user_id": 2 },
    "0.17570658575253706": { "user_id": 2 }
}